Student_ID,Age,University_Year,Sleep_Duration,Study_Hours,Screen_Time,Caffeine_Intake,Physical_Activity,Sleep_Quality
1,21,1,6.3,6,1.9,5,1.2,2
2,25,1,4.9,12,3.2,3,1.6,9
3,24,1,8.6,2.4,1.4,1,1.4,7
4,20,1,6.9,0.9,3.8,5,1.8,6
5,25,1,4.4,4.2,1.4,0,0,10
6,18,1,4.3,7.1,3.2,4,1.8,6
7,21,1,6,8.8,4,5,2,4
8,20,1,4.9,10.9,1.5,3,0.9,8
9,25,1,5.4,2.2,1.6,2,1.2,6
10,21,1,7.2,10.3,2.5,4,0.8,1
11,23,1,7.6,5.3,2.8,2,0.4,9
12,24,1,4.1,4.3,1.9,1,1.4,2
13,20,1,5.2,2,3.1,0,1.6,9
14,21,1,7.4,4.7,3.6,5,0.2,6
15,24,1,4.1,11.6,2.9,3,0.2,6
16,22,1,5.2,1.6,1.7,1,1.7,1
17,22,1,7.6,2.8,1.3,5,0.9,1
18,24,1,8.2,2,3.4,0,0.4,3
19,21,1,7.3,4,2.7,5,0.7,4
20,21,1,5.5,5.2,2.8,4,1.6,2
21,24,2,7.7,7.9,3.4,2,0.6,10
22,22,2,6.5,11.7,3.4,1,1.6,6
23,22,2,6.1,7.8,3,1,1.8,4
24,19,2,5.8,8.2,2,3,0.7,8
25,24,2,7.2,0.4,1.7,0,0.6,5
26,21,2,5,5.3,3.6,1,0.4,9
27,18,2,4.8,8.6,1.1,0,0.2,9
28,20,2,8.3,2.2,1.4,2,0.7,2
29,21,2,6,5.9,3.5,1,0.2,7
30,24,2,4.8,10.4,2.6,5,1.7,7
31,23,2,7.3,6.2,2.5,5,0,1
32,23,2,5.1,7.1,2.7,0,1.3,9
33,25,2,8,7.9,1.5,2,0.4,4
34,18,2,4.9,3.9,2.4,0,0,5
35,20,2,7.3,9.3,1,4,1.8,3
36,20,2,4.5,11.6,3.2,4,0.3,1
37,24,2,5.2,5.4,4,4,0.2,7
38,19,2,6,6.2,1.6,0,0.5,10
39,23,2,8.5,3,1.6,5,1,1
40,18,2,5,2,2.7,3,1.1,3
41,20,3,4.1,3.1,2.1,3,0.1,6
42,20,3,7.3,5.6,2.3,1,1.4,5
43,22,3,8.8,8.7,2.8,2,0.1,1
44,21,3,4.7,8.9,3.8,3,0.6,7
45,25,3,6.1,5.1,1.7,3,0.3,10
46,20,3,9,4.5,1.6,0,0.4,2
47,23,3,6.5,11.9,3.7,3,1.2,9
48,19,3,4.3,10.4,1.9,2,0.7,10
49,25,3,7.7,6.9,3.4,0,0.3,6
50,21,3,7.9,10.9,3.3,1,1.6,1
51,23,3,6.6,7.5,1.5,1,0.9,9
52,22,3,6.2,7.6,2.6,2,0.8,3
53,24,3,8.7,2.9,3.2,3,0.8,8
54,19,3,5.9,11.7,3.5,5,0.9,7
55,18,3,8.3,0.9,2.2,0,1.9,1
56,18,3,5,9.9,3.2,3,0.4,4
57,19,3,4.1,7.4,2.1,2,1.5,3
58,19,3,4.1,2,1,2,1.4,8
59,22,3,4.9,0.4,3.3,4,2,10
60,25,3,5.3,1.3,3.6,2,0.4,1
61,22,4,5.1,6.7,3.9,5,0.9,5
62,24,4,6.3,8.6,2.8,4,0.9,9
63,20,4,4.7,2.7,2.7,0,1.4,3
64,25,4,4.9,10.4,2.3,4,0.1,8
65,22,4,7,0.5,2.9,1,1.8,1
66,23,4,8.5,8.7,3.5,4,1.7,1
67,23,4,5,5.8,3.8,0,0.9,4
68,19,4,5,10.5,1.8,1,0.9,4
69,25,4,4.2,10.8,3.3,1,1.1,3
70,21,4,6.4,5.1,2.4,2,1.6,5
71,22,4,6.8,3.3,3.5,2,0.3,5
72,19,4,6.3,2.5,3,5,0.2,1
73,18,4,6.8,1.6,3.8,0,0.9,1
74,25,4,4.1,3,3.2,4,0.6,5
75,21,4,4.5,3.1,3.3,2,0.6,4
76,19,4,4.4,8.5,3.4,1,1.7,4
77,19,4,6.9,8.8,1.1,0,0.4,1
78,21,4,5.7,9.7,2.1,5,1.7,4
79,21,4,5.9,10.4,1.4,3,1,6
80,20,4,6,0.7,2.1,3,0.9,5
